"0","m <- lapply(final_output_df_bostonhousing2, median, na.rm = TRUE)"
"0","m[order(unlist(m), decreasing=FALSE)]"
"1","$L_min
"
"1","[1]"
"1"," 0.02629077"
"1","
"
"1","
"
"1","$R_min
"
"1","[1]"
"1"," 0.02652548"
"1","
"
"1","
"
"1","$PCR
"
"1","[1]"
"1"," 0.02701521"
"1","
"
"1","
"
"1","$Full
"
"1","[1]"
"1"," 0.02938299"
"1","
"
"1","
"
"1","$L_Refit
"
"1","[1]"
"1"," 0.02981642"
"1","
"
"1","
"
"1","$L_1se
"
"1","[1]"
"1"," 0.03045702"
"1","
"
"1","
"
"1","$R_1se
"
"1","[1]"
"1"," 0.03049171"
"1","
"
"1","
"
"0","# m"
"0","# names(m) = names(m[order(unlist(m), decreasing=FALSE)])    "
"0",""
"0","name_list_ordered = names(m[order(unlist(m), decreasing=FALSE)])"
"0","name_list_ordered"
"1","[1]"
"1"," ""L_min""  "
"1"," ""R_min""  "
"1"," ""PCR""    "
"1"," ""Full""   "
"1"," ""L_Refit"""
"1"," ""L_1se""  "
"1"," ""R_1se""  "
"1","
"
